Unit,Tag
PAITON1,1AR-BA018
PAITON1,1AR-BA019
PAITON1,1AT-BA018A
PAITON1,1AT-BA018B
PAITON1,1AT-BA018C
PAITON1,1AT-BA019A
PAITON1,1AT-BA019B
PAITON1,1AT-BA019C
PAITON1,1AT-BA150
PAITON1,1AT-BA152
PAITON1,1FI-BA084
PAITON1,1FI-BA089
PAITON1,1FI-BA094
PAITON1,1FI-BA099
PAITON1,1FI-BA104
PAITON1,1FI-BA109
PAITON1,1FI-BA110
PAITON1,1FI-BA485
PAITON1,1FI-BA486
PAITON1,1FI-FW501
PAITON1,1FI-FW511
PAITON1,1FI-FW516
PAITON1,1FI-MS509
PAITON1,1FX-AS501
PAITON1,1FX-BA111
PAITON1,1FX-BY517
PAITON1,1FX-CD013
PAITON1,1JI-MP007
PAITON1,1PDI-BA033
PAITON1,1PDT-BA033A
PAITON1,1PDT-BA033B
PAITON1,1PDT-BA033C
PAITON1,1PI-BA035
PAITON1,1PI-FW007
PAITON1,1PI-MS004
PAITON1,1PT-AS001
PAITON1,1PT-CR002
PAITON1,1PT-FW001
PAITON1,1PT-FW064
PAITON1,1PT-HR002-A
PAITON1,1TE-BY600A
PAITON1,1TE-BY600B
PAITON1,1TE-BY601A
PAITON1,1TE-BY601B
PAITON1,1TE-BY602A
PAITON1,1TE-BY602B
PAITON1,1TE-BY603A
PAITON1,1TE-BY603B
PAITON1,1TE-BY604A
PAITON1,1TE-BY604B
PAITON1,1TE-CR517
PAITON1,1TE-FW366
PAITON1,1TE-FW503
PAITON1,1TE-HR505A
PAITON1,1TE-HR505B
PAITON1,1TE-HR602
PAITON1,1TE-HR603
PAITON1,1TE-HR604
PAITON1,1TE-HR605
PAITON1,1TE-HR606
PAITON1,1TE-HR607
PAITON1,1TE-HR608
PAITON1,1TE-HR609
PAITON1,1TE-HR610
PAITON1,1TE-HR611
PAITON1,1TE-HR612
PAITON1,1TE-HR613
PAITON1,1TE-HR614
PAITON1,1TE-HR615
PAITON1,1TE-HR616
PAITON1,1TE-HR617
PAITON1,1TE-HR618
PAITON1,1TE-HR619
PAITON1,1TE-HR620
PAITON1,1TE-HR621
PAITON1,1TE-HR622
PAITON1,1TE-MS507A
PAITON1,1TE-MS507B
PAITON1,1TE-MS621
PAITON1,1TE-MS622
PAITON1,1TE-MS623
PAITON1,1TE-MS624
PAITON1,1TE-MS625
PAITON1,1TE-MS626
PAITON1,1TE-MS627
PAITON1,1TE-MS628
PAITON1,1TE-MS629
PAITON1,1TE-MS630
PAITON1,1TE-MS631
PAITON1,1TE-MS632
PAITON1,1TE-MS633
PAITON1,1TE-MS634
PAITON1,1TE-MS635
PAITON1,1TE-MS636
PAITON1,1TE-MS637
PAITON1,1TE-MS638
PAITON1,1TE-MS639
PAITON1,1TE-MS640
PAITON1,1TE-MS641
PAITON1,1TE-MS642
PAITON1,1TI-BA085
PAITON1,1TI-BA090
PAITON1,1TI-BA095
PAITON1,1TI-BA100
PAITON1,1TI-BA105
PAITON1,1TI-HR505
PAITON1,1TI-MS507
PAITON1,1XHF-FW511
PAITON1,1XHF-FW516
PAITON1,1XP-AU303
PAITON1,1XP-AU331
PAITON1,1XP-AU332
PAITON1,1XPK-AU457
PAITON1,1ZT-HR505
PAITON1,1ZT-HR505A
PAITON1,1ZT-HR505B
PAITON1,1ZT-HR505C
PCT1,OPC.AW1002.1E_AIRFLOW.FURA1AIN.PNT
PCT1,OPC.AW1002.1E_AIRFLOW.FURA2AIN.PNT
PCT1,OPC.AW1002.1E_AIRFLOW.FURB1AIN.PNT
PCT1,OPC.AW1002.1E_AIRFLOW.FURB2AIN.PNT
PCT1,OPC.AW1002.1E_AIRFLOW.MSMA1AIN.PNT
PCT1,OPC.AW1002.1E_AIRFLOW.MSMA2AIN.PNT
PCT1,OPC.AW1002.1E_AIRFLOW.MSMB1AIN.PNT
PCT1,OPC.AW1002.1E_AIRFLOW.MSMB2AIN.PNT
PCT1,OPC.AW1002.1E_AIRFLOW.MSMC1AIN.PNT
PCT1,OPC.AW1002.1E_AIRFLOW.MSMC2AIN.PNT
PCT1,OPC.AW1002.1E_AIRFLOW.MSMD1AIN.PNT
PCT1,OPC.AW1002.1E_AIRFLOW.MSMD2AIN.PNT
PCT1,OPC.AW1002.1E_AIRFLOW.MSME1AIN.PNT
PCT1,OPC.AW1002.1E_AIRFLOW.MSME2AIN.PNT
PCT1,OPC.AW1002.1E_FDF.AO052501.OUT
PCT1,OPC.AW1002.1E_FDF.AO052601.OUT
PCT1,OPC.AW1002.1E_FDF.MATH1OUT.PNT
PCT1,OPC.AW1002.1E_FUELC.CALCA1OUT.PNT
PCT1,OPC.AW1002.1E_IDF.SIGSEL1OUT.PNT
PCT1,OPC.AW1002.1EAI.AI050501.PNT
PCT1,OPC.AW1002.1EAI.AI050502.PNT
PCT1,OPC.AW1002.1EAI.AI050503.PNT
PCT1,OPC.AW1002.1EAI.AI050504.PNT
PCT1,OPC.AW1002.1EAI.AI050505.PNT
PCT1,OPC.AW1002.1EAI.AI050601.PNT
PCT1,OPC.AW1002.1EAI.AI050602.PNT
PCT1,OPC.AW1002.1EAI.AI050603.PNT
PCT1,OPC.AW1002.1EAI.AI050604.PNT
PCT1,OPC.AW1002.1EAI.AI050605.PNT
PCT1,OPC.AW1002.1EAI.AI051105.PNT
PCT1,OPC.AW1002.1EAI.AI051106.PNT
PCT1,OPC.AW1002.1EAI.AI051202.PNT
PCT1,OPC.AW1002.1EAI.AI051203.PNT
PCT1,OPC.AW1002.1EAI.AI051307.PNT
PCT1,OPC.AW1002.1EAI.AI051401.PNT
PCT1,OPC.AW1002.1EAI.AI051403.PNT
PCT1,OPC.AW1002.1EAI.AI051501.PNT
PCT1,OPC.AW1002.1EAI.AI051707.PNT
PCT1,OPC.AW1002.1EAI.AI052105.PNT
PCT1,OPC.AW1002.1EAI.AI052304.PNT
PCT1,OPC.AW1002.1EAI.AI052401.PNT
PCT1,OPC.AW1002.1EAI.AI052407.PNT
PCT1,OPC.AW1002.1F_FLOW.1SHCALCA.RO01
PCT1,OPC.AW1002.1F_FLOW.2SHACALCA.RO01
PCT1,OPC.AW1002.1F_FLOW.2SHBCALCA.RO01
PCT1,OPC.AW1002.1F_FLOW.3SHACALCA.RO01
PCT1,OPC.AW1002.1F_FLOW.3SHBCALCA.RO01
PCT1,OPC.AW1002.1F_FLOW.RHACALCA.RO01
PCT1,OPC.AW1002.1F_FLOW.RHBCALCA.RO01
PCT1,OPC.AW1002.1F_FLOW.RHCALCA.RO01
PCT1,OPC.AW1002.1F_RHTEM.AO063601.OUT
PCT1,OPC.AW1002.1F_RHTEM.AO063602.OUT
PCT1,OPC.AW1002.1F_RHTEM.AO063603.OUT
PCT1,OPC.AW1002.1F_RHTEM.AO063604.OUT
PCT1,OPC.AW1002.1F_RHTEM.AO063605.OUT
PCT1,OPC.AW1002.1F_RHTEM.AO063701.OUT
PCT1,OPC.AW1002.1F_RHTEM.AO063702.OUT
PCT1,OPC.AW1002.1F_RHTEM.AO063703.OUT
PCT1,OPC.AW1002.1FAI.AI060206.PNT
PCT1,OPC.AW1002.1FAI.AI060304.PNT
PCT1,OPC.AW1002.1FAI.AI061106.PNT
PCT1,OPC.AW1002.1FAI.AI061305.PNT
PCT1,OPC.AW1002.1FAI.AI061504.PNT
PCT1,OPC.AW1002.1FAI.AI061703.PNT
PCT1,OPC.AW1002.1FAI.AI062202.PNT
PCT1,OPC.AW1002.1FAI.AI062203.PNT
PCT1,OPC.AW1002.1FAI.AI062204.PNT
PCT1,OPC.AW1002.1FAI.AI062205.PNT
PCT1,OPC.AW1002.1FAI.AI062301.PNT
PCT1,OPC.AW1002.1FAI.AI062302.PNT
PCT1,OPC.AW1002.1FAI.AI062303.PNT
PCT1,OPC.AW1002.1FAI.AI062304.PNT
PCT1,OPC.AW1002.1GAI.AI070107.PNT
PCT1,OPC.AW1002.1GAI.AI070307.PNT
PCT1,OPC.AW1002.1HAI.AI090107.PNT
PCT1,OPC.AW1002.1HAI.AI090307.PNT
PCT1,OPC.AW1002.1IAI.AI100107.PNT
PCT1,OPC.AW1002.1LAI.AI140307.PNT
PCT1,OPC.AW1002.1LAI.AI140406.PNT
PCT1,OPC.AW1002.1LAI.AI140407.PNT
PCT1,OPC.AW1002.1LAI.AI140505.PNT
PCT1,OPC.AW1002.1LAI.AI140506.PNT
PCT1,OPC.AW1002.1LAI.AI140507.PNT
PCT1,OPC.AW1002.1LAI.AI140606.PNT
PCT1,OPC.AW1002.1LAI.AI141706.PNT
PCT1,OPC.AW1002.1LAI.AI141707.PNT
PCT1,OPC.AW1002.1LAI.AI142102.PNT
PCT1,OPC.AW1002.1LAI.AI142103.PNT
PCT1,OPC.AW1002.1LAI.AI142104.PNT
PCT1,OPC.AW1002.1LAI.AI142703.PNT
PCT1,OPC.AW1002.1M_FLOW.FW1AIN.PNT
PCT1,OPC.AW1002.1M_FLOW.FW2AIN.PNT
PCT1,OPC.AW1002.1M_FLOW.FW3AIN.PNT
PCT1,OPC.AW1002.1M_FWFLOW_1.SIGSEL1OUT.PNT
PCT1,OPC.AW1002.1M_MSTFLOW.SWCH2OUT.PNT
PCT1,OPC.AW1002.1MAI.AI163307.PNT
PCT1,OPC.AW1002.1PMS.RSFLOW.RO01
PCT1,OPC.AW1002.1PMS.RSFLOW.RO02
PCT1,Efficiency
PCT2,OPC.AW2002.2E_AIRFLOW.FURA1AIN.PNT
PCT2,OPC.AW2002.2E_AIRFLOW.FURA2AIN.PNT
PCT2,OPC.AW2002.2E_AIRFLOW.FURB1AIN.PNT
PCT2,OPC.AW2002.2E_AIRFLOW.FURB2AIN.PNT
PCT2,OPC.AW2002.2E_AIRFLOW.MSMA1AIN.PNT
PCT2,OPC.AW2002.2E_AIRFLOW.MSMA2AIN.PNT
PCT2,OPC.AW2002.2E_AIRFLOW.MSMB1AIN.PNT
PCT2,OPC.AW2002.2E_AIRFLOW.MSMB2AIN.PNT
PCT2,OPC.AW2002.2E_AIRFLOW.MSMC1AIN.PNT
PCT2,OPC.AW2002.2E_AIRFLOW.MSMC2AIN.PNT
PCT2,OPC.AW2002.2E_AIRFLOW.MSMD1AIN.PNT
PCT2,OPC.AW2002.2E_AIRFLOW.MSMD2AIN.PNT
PCT2,OPC.AW2002.2E_AIRFLOW.MSME1AIN.PNT
PCT2,OPC.AW2002.2E_AIRFLOW.MSME2AIN.PNT
PCT2,OPC.AW2002.2E_FDF.AO052501.OUT
PCT2,OPC.AW2002.2E_FDF.AO052601.OUT
PCT2,OPC.AW2002.2E_FDF.MATH1OUT.PNT
PCT2,OPC.AW2002.2E_FUELC.CALCA1OUT.PNT
PCT2,OPC.AW2002.2E_IDF.SIGSEL1OUT.PNT
PCT2,OPC.AW2002.2EAI.AI050501.PNT
PCT2,OPC.AW2002.2EAI.AI050502.PNT
PCT2,OPC.AW2002.2EAI.AI050503.PNT
PCT2,OPC.AW2002.2EAI.AI050504.PNT
PCT2,OPC.AW2002.2EAI.AI050505.PNT
PCT2,OPC.AW2002.2EAI.AI050601.PNT
PCT2,OPC.AW2002.2EAI.AI050602.PNT
PCT2,OPC.AW2002.2EAI.AI050603.PNT
PCT2,OPC.AW2002.2EAI.AI050604.PNT
PCT2,OPC.AW2002.2EAI.AI050605.PNT
PCT2,OPC.AW2002.2EAI.AI051105.PNT
PCT2,OPC.AW2002.2EAI.AI051106.PNT
PCT2,OPC.AW2002.2EAI.AI051202.PNT
PCT2,OPC.AW2002.2EAI.AI051203.PNT
PCT2,OPC.AW2002.2EAI.AI051307.PNT
PCT2,OPC.AW2002.2EAI.AI051401.PNT
PCT2,OPC.AW2002.2EAI.AI051403.PNT
PCT2,OPC.AW2002.2EAI.AI051501.PNT
PCT2,OPC.AW2002.2EAI.AI051707.PNT
PCT2,OPC.AW2002.2EAI.AI052105.PNT
PCT2,OPC.AW2002.2EAI.AI052304.PNT
PCT2,OPC.AW2002.2EAI.AI052401.PNT
PCT2,OPC.AW2002.2EAI.AI052407.PNT
PCT2,OPC.AW2002.2F_FLOW.1SHCALCA.RO01
PCT2,OPC.AW2002.2F_FLOW.2SHACALCA.RO01
PCT2,OPC.AW2002.2F_FLOW.2SHBCALCA.RO01
PCT2,OPC.AW2002.2F_FLOW.3SHACALCA.RO01
PCT2,OPC.AW2002.2F_FLOW.3SHBCALCA.RO01
PCT2,OPC.AW2002.2F_FLOW.RHACALCA.RO01
PCT2,OPC.AW2002.2F_FLOW.RHBCALCA.RO01
PCT2,OPC.AW2002.2F_FLOW.RHCALCA.RO01
PCT2,OPC.AW2002.2F_RHTEM.AO063601.OUT
PCT2,OPC.AW2002.2F_RHTEM.AO063602.OUT
PCT2,OPC.AW2002.2F_RHTEM.AO063603.OUT
PCT2,OPC.AW2002.2F_RHTEM.AO063604.OUT
PCT2,OPC.AW2002.2F_RHTEM.AO063605.OUT
PCT2,OPC.AW2002.2F_RHTEM.AO063701.OUT
PCT2,OPC.AW2002.2F_RHTEM.AO063702.OUT
PCT2,OPC.AW2002.2F_RHTEM.AO063703.OUT
PCT2,OPC.AW2002.2FAI.AI060206.PNT
PCT2,OPC.AW2002.2FAI.AI060304.PNT
PCT2,OPC.AW2002.2FAI.AI061106.PNT
PCT2,OPC.AW2002.2FAI.AI061305.PNT
PCT2,OPC.AW2002.2FAI.AI061504.PNT
PCT2,OPC.AW2002.2FAI.AI061703.PNT
PCT2,OPC.AW2002.2FAI.AI062202.PNT
PCT2,OPC.AW2002.2FAI.AI062203.PNT
PCT2,OPC.AW2002.2FAI.AI062204.PNT
PCT2,OPC.AW2002.2FAI.AI062205.PNT
PCT2,OPC.AW2002.2FAI.AI062301.PNT
PCT2,OPC.AW2002.2FAI.AI062302.PNT
PCT2,OPC.AW2002.2FAI.AI062303.PNT
PCT2,OPC.AW2002.2FAI.AI062304.PNT
PCT2,OPC.AW2002.2GAI.AI070107.PNT
PCT2,OPC.AW2002.2GAI.AI070307.PNT
PCT2,OPC.AW2002.2HAI.AI090107.PNT
PCT2,OPC.AW2002.2HAI.AI090307.PNT
PCT2,OPC.AW2002.2IAI.AI100107.PNT
PCT2,OPC.AW2002.2LAI.AI140307.PNT
PCT2,OPC.AW2002.2LAI.AI140406.PNT
PCT2,OPC.AW2002.2LAI.AI140407.PNT
PCT2,OPC.AW2002.2LAI.AI140505.PNT
PCT2,OPC.AW2002.2LAI.AI140506.PNT
PCT2,OPC.AW2002.2LAI.AI140507.PNT
PCT2,OPC.AW2002.2LAI.AI140606.PNT
PCT2,OPC.AW2002.2LAI.AI141706.PNT
PCT2,OPC.AW2002.2LAI.AI141707.PNT
PCT2,OPC.AW2002.2LAI.AI142102.PNT
PCT2,OPC.AW2002.2LAI.AI142103.PNT
PCT2,OPC.AW2002.2LAI.AI142104.PNT
PCT2,OPC.AW2002.2LAI.AI142703.PNT
PCT2,OPC.AW2002.2M_FWFLOW_1.SIGSEL1OUT.PNT
PCT2,OPC.AW2002.2M_MSTFLOW.SWCH2OUT.PNT
PCT2,OPC.AW2002.2MAI.AI163307.PNT
PCT2,OPC.AW2002.2PMS.RSFLOW.RO01
PCT2,OPC.AW2002.2PMS.RSFLOW.RO02
PCT2,OPC.AW2002.2M_FLOW.FW1AIN.PNT
PCT2,OPC.AW2002.2M_FLOW.FW2AIN.PNT
PCT2,OPC.AW2002.2M_FLOW.FW3AIN.PNT
PCT2,OPC.AW2002.2E_OXY.SIGSEL1.OUT
PCT2,Efficiency
RBG1,OPC.1AIRFLOW:AO202104.OUT
RBG1,OPC.1AIRFLOW:AO202204.OUT
RBG1,OPC.1AIRFLOW:MATH1.RO01
RBG1,OPC.1AIRFLOW_1:HLACFA1.PNT
RBG1,OPC.1AIRFLOW_1:HLACFA2.PNT
RBG1,OPC.1AIRFLOW_2:HLACFB1.PNT
RBG1,OPC.1AIRFLOW_2:HLACFB2.PNT
RBG1,OPC.1CNLVL_1:SIGSEL1.OUT
RBG1,OPC.1DALVL_1:SIGSEL1.OUT
RBG1,OPC.1FUELMASTER:AINCOAL.PNT
RBG1,OPC.1FURPRESS:AINFURPRE.PNT
RBG1,OPC.1FURPRESS:AO202107.OUT
RBG1,OPC.1FURPRESS:AO202207.OUT
RBG1,OPC.1FWFLOW:CALCA3.RO01
RBG1,OPC.1FWFLOW:FT200604C.PNT
RBG1,OPC.1FWFLOW:FT200704C.PNT
RBG1,OPC.1FWFLOW:FT200804C.PNT
RBG1,OPC.1JDAS:RT130501.PNT
RBG1,OPC.1JDAS:RT130504.PNT
RBG1,OPC.1KDAS:RT140501.PNT
RBG1,OPC.1KDAS:RT140504.PNT
RBG1,OPC.1LDAS:RT150501.PNT
RBG1,OPC.1MDAS:CT163205.PNT
RBG1,OPC.1MDAS:CT163206.PNT
RBG1,OPC.1MDAS:CT163207.PNT
RBG1,OPC.1MDAS:TE162603.PNT
RBG1,OPC.1MDAS:TE162604.PNT
RBG1,OPC.1MILLAHCAD_2:CALCA2.RO01
RBG1,OPC.1MILLAHCAD_2:CALCA3.RO01
RBG1,OPC.1MILLBHCAD_2:CALCA2.RO01
RBG1,OPC.1MILLBHCAD_2:CALCA3.RO01
RBG1,OPC.1MILLCHCAD_2:CALCA2.RO01
RBG1,OPC.1MILLCHCAD_2:CALCA3.RO01
RBG1,OPC.1MILLDHCAD_2:CALCA2.RO01
RBG1,OPC.1MILLDHCAD_2:CALCA3.RO01
RBG1,OPC.1MILLEHCAD_2:CALCA2.RO01
RBG1,OPC.1MILLEHCAD_2:CALCA3.RO01
RBG1,OPC.1MSTFLOW:CALCA2.RO01
RBG1,OPC.1NDAS:CT183205.PNT
RBG1,OPC.1NDAS:CT183206.PNT
RBG1,OPC.1NDAS:CT183207.PNT
RBG1,OPC.1NDAS:TE182603.PNT
RBG1,OPC.1NDAS:TE182604.PNT
RBG1,OPC.1ODAS:PT193101.PNT
RBG1,OPC.1ODAS:PT193102.PNT
RBG1,OPC.1ODAS:PT193103.PNT
RBG1,OPC.1ODAS:PT193104.PNT
RBG1,OPC.1ODAS:PT193105.PNT
RBG1,OPC.1ODAS:PT193106.PNT
RBG1,OPC.1ODAS:PT193201.PNT
RBG1,OPC.1ODAS:TE193406.PNT
RBG1,OPC.1ODAS:TE193407.PNT
RBG1,OPC.1ODAS:TE193503.PNT
RBG1,OPC.1ODAS:TE193504.PNT
RBG1,OPC.1ODAS:TE193505.PNT
RBG1,OPC.1OPC:LOADLOG1.RO01
RBG1,OPC.1OXYGEN:SIGSEL1.OUT
RBG1,OPC.1PAFLOW:AO202105.OUT
RBG1,OPC.1PAFLOW:AO202205.OUT
RBG1,OPC.1PDAS:AI201506.PNT
RBG1,OPC.1PDAS:AI201507.PNT
RBG1,OPC.1PDAS:AI201606.PNT
RBG1,OPC.1PDAS:AI201607.PNT
RBG1,OPC.1PDAS:FT201301.PNT
RBG1,OPC.1PDAS:FT201302.PNT
RBG1,OPC.1PDAS:FT201303.PNT
RBG1,OPC.1PDAS:FT201307.PNT
RBG1,OPC.1PDAS:FT201401.PNT
RBG1,OPC.1PDAS:FT201402.PNT
RBG1,OPC.1PDAS:FT201403.PNT
RBG1,OPC.1PDAS:FT201407.PNT
RBG1,OPC.1PDAS:PT201502.PNT
RBG1,OPC.1PDAS:PT201504.PNT
RBG1,OPC.1PDAS:PT201602.PNT
RBG1,OPC.1PDAS:PT201604.PNT
RBG1,OPC.1PDAS:RT201701.PNT
RBG1,OPC.1PDAS:RT201702.PNT
RBG1,OPC.1PDAS:RT201703.PNT
RBG1,OPC.1PDAS:RT201704.PNT
RBG1,OPC.1PDAS:RT201705.PNT
RBG1,OPC.1PDAS:RT201801.PNT
RBG1,OPC.1PDAS:RT201802.PNT
RBG1,OPC.1PDAS:RT201803.PNT
RBG1,OPC.1PDAS:RT201804.PNT
RBG1,OPC.1PDAS:RT201805.PNT
RBG1,OPC.1PDAS:TE202601.PNT
RBG1,OPC.1PDAS:TE202602.PNT
RBG1,OPC.1PDAS:TE202603.PNT
RBG1,OPC.1PDAS:TE202604.PNT
RBG1,OPC.1PDAS:TE202605.PNT
RBG1,OPC.1PDAS:TE202606.PNT
RBG1,OPC.1PDAS:TE202701.PNT
RBG1,OPC.1PDAS:TE202806.PNT
RBG1,OPC.1PDAS:TE202807.PNT
RBG1,OPC.1PDAS:TE202808.PNT
RBG1,OPC.1PDAS:ZT201104.PNT
RBG1,OPC.1PDAS:ZT201105.PNT
RBG1,OPC.1PDAS:ZT201107.PNT
RBG1,OPC.1PDAS:ZT201204.PNT
RBG1,OPC.1PDAS:ZT201205.PNT
RBG1,OPC.1PDAS:ZT201207.PNT
RBG1,OPC.1QDAS:TE212101.PNT
RBG1,OPC.1QDAS:TE212104.PNT
RBG1,OPC.1QDAS:TE212105.PNT
RBG1,OPC.1QDAS:TE212108.PNT
RBG1,OPC.1QDAS:TE212201.PNT
RBG1,OPC.1QDAS:TE212204.PNT
RBG1,OPC.1QDAS:TE212205.PNT
RBG1,OPC.1QDAS:TE212208.PNT
RBG1,OPC.1QDAS:ZT210205.PNT
RBG1,OPC.1QDAS:ZT210402.PNT
RBG1,OPC.1QDAS:ZT210507.PNT
RBG1,OPC.1QDAS:ZT210704.PNT
RBG1,OPC.1QDAS:ZT210705.PNT
RBG1,OPC.1QDAS:ZT210706.PNT
RBG1,OPC.1QDAS:ZT210707.PNT
RBG1,OPC.1QDAS:ZT210708.PNT
RBG1,OPC.1QDAS:ZT210801.PNT
RBG1,OPC.1QDAS:ZT210802.PNT
RBG1,OPC.1QDAS:ZT210803.PNT
RBG1,OPC.1QDAS:ZT210804.PNT
RBG1,OPC.1RHTTEM:AO211705.OUT
RBG1,OPC.1RHTTEM:AO211706.OUT
RBG1,OPC.1RHTTEM:AO211707.OUT
RBG1,OPC.1RHTTEM:AO211708.OUT
RBG1,OPC.1RHTTEM:AO211801.OUT
RBG1,OPC.1RHTTEM:AO211802.OUT
RBG1,OPC.1RHTTEM:AO211803.OUT
RBG1,OPC.1RHTTEM:AO211804.OUT
RBG1,OPC.1SDAS:AI174108.PNT
RBG1,OPC.1SDAS:AI174204.PNT
RBG1,OPC.1VALVE:1AD106AIN.PNT_3
RBG2,OPC.2CNLVL_1:SIGSEL1.OUT
RBG2,OPC.2DALVL_1:SIGSEL1.OUT
RBG2,OPC.2JDAS:RT130501.PNT
RBG2,OPC.2JDAS:RT130504.PNT
RBG2,OPC.2KDAS:RT140501.PNT
RBG2,OPC.2KDAS:RT140504.PNT
RBG2,OPC.2LDAS:RT150501.PNT
RBG2,OPC.2MDAS:CT163205.PNT
RBG2,OPC.2MDAS:CT163206.PNT
RBG2,OPC.2MDAS:CT163207.PNT
RBG2,OPC.2MDAS:TE162603.PNT
RBG2,OPC.2MDAS:TE162604.PNT
RBG2,OPC.2NDAS:CT183205.PNT
RBG2,OPC.2NDAS:CT183206.PNT
RBG2,OPC.2NDAS:CT183207.PNT
RBG2,OPC.2NDAS:TE182603.PNT
RBG2,OPC.2NDAS:TE182604.PNT
RBG2,OPC.2ODAS:PT193101.PNT
RBG2,OPC.2ODAS:PT193102.PNT
RBG2,OPC.2ODAS:PT193103.PNT
RBG2,OPC.2ODAS:PT193104.PNT
RBG2,OPC.2ODAS:PT193105.PNT
RBG2,OPC.2ODAS:PT193106.PNT
RBG2,OPC.2ODAS:PT193201.PNT
RBG2,OPC.2ODAS:TE193406.PNT
RBG2,OPC.2ODAS:TE193407.PNT
RBG2,OPC.2ODAS:TE193503.PNT
RBG2,OPC.2ODAS:TE193504.PNT
RBG2,OPC.2ODAS:TE193505.PNT
RBG2,OPC.2OPC:LOADLOG1.RO01
RBG2,OPC.2PDAS:AI201506.PNT
RBG2,OPC.2PDAS:AI201507.PNT
RBG2,OPC.2PDAS:AI201606.PNT
RBG2,OPC.2PDAS:AI201607.PNT
RBG2,OPC.2PDAS:FT201301.PNT
RBG2,OPC.2PDAS:FT201302.PNT
RBG2,OPC.2PDAS:FT201303.PNT
RBG2,OPC.2PDAS:FT201307.PNT
RBG2,OPC.2PDAS:FT201401.PNT
RBG2,OPC.2PDAS:FT201402.PNT
RBG2,OPC.2PDAS:FT201403.PNT
RBG2,OPC.2PDAS:FT201407.PNT
RBG2,OPC.2PDAS:PT201502.PNT
RBG2,OPC.2PDAS:PT201504.PNT
RBG2,OPC.2PDAS:PT201602.PNT
RBG2,OPC.2PDAS:PT201604.PNT
RBG2,OPC.2PDAS:RT201701.PNT
RBG2,OPC.2PDAS:RT201702.PNT
RBG2,OPC.2PDAS:RT201703.PNT
RBG2,OPC.2PDAS:RT201704.PNT
RBG2,OPC.2PDAS:RT201705.PNT
RBG2,OPC.2PDAS:RT201801.PNT
RBG2,OPC.2PDAS:RT201802.PNT
RBG2,OPC.2PDAS:RT201803.PNT
RBG2,OPC.2PDAS:RT201804.PNT
RBG2,OPC.2PDAS:RT201805.PNT
RBG2,OPC.2PDAS:TE202601.PNT
RBG2,OPC.2PDAS:TE202602.PNT
RBG2,OPC.2PDAS:TE202603.PNT
RBG2,OPC.2PDAS:TE202604.PNT
RBG2,OPC.2PDAS:TE202605.PNT
RBG2,OPC.2PDAS:TE202606.PNT
RBG2,OPC.2PDAS:TE202701.PNT
RBG2,OPC.2PDAS:TE202806.PNT
RBG2,OPC.2PDAS:TE202807.PNT
RBG2,OPC.2PDAS:TE202808.PNT
RBG2,OPC.2PDAS:ZT201104.PNT
RBG2,OPC.2PDAS:ZT201105.PNT
RBG2,OPC.2PDAS:ZT201107.PNT
RBG2,OPC.2PDAS:ZT201204.PNT
RBG2,OPC.2PDAS:ZT201205.PNT
RBG2,OPC.2PDAS:ZT201207.PNT
RBG2,OPC.2QDAS:TE212101.PNT
RBG2,OPC.2QDAS:TE212104.PNT
RBG2,OPC.2QDAS:TE212105.PNT
RBG2,OPC.2QDAS:TE212108.PNT
RBG2,OPC.2QDAS:TE212201.PNT
RBG2,OPC.2QDAS:TE212204.PNT
RBG2,OPC.2QDAS:TE212205.PNT
RBG2,OPC.2QDAS:TE212208.PNT
RBG2,OPC.2QDAS:ZT210205.PNT
RBG2,OPC.2QDAS:ZT210402.PNT
RBG2,OPC.2QDAS:ZT210507.PNT
RBG2,OPC.2QDAS:ZT210704.PNT
RBG2,OPC.2QDAS:ZT210705.PNT
RBG2,OPC.2QDAS:ZT210706.PNT
RBG2,OPC.2QDAS:ZT210707.PNT
RBG2,OPC.2QDAS:ZT210708.PNT
RBG2,OPC.2QDAS:ZT210801.PNT
RBG2,OPC.2QDAS:ZT210802.PNT
RBG2,OPC.2QDAS:ZT210803.PNT
RBG2,OPC.2QDAS:ZT210804.PNT
RBG2,OPC.2RHTTEM:AO211705.OUT
RBG2,OPC.2RHTTEM:AO211706.OUT
RBG2,OPC.2RHTTEM:AO211707.OUT
RBG2,OPC.2RHTTEM:AO211708.OUT
RBG2,OPC.2RHTTEM:AO211801.OUT
RBG2,OPC.2RHTTEM:AO211802.OUT
RBG2,OPC.2RHTTEM:AO211803.OUT
RBG2,OPC.2RHTTEM:AO211804.OUT
RBG2,OPC.2SDAS:AI174108.PNT
RBG2,OPC.2SDAS:AI174204.PNT
RBG2,OPC.2VALVE:1AD106AIN.PNT_3
RBG2,OPC.AIRFLOW:AO202104.OUT
RBG2,OPC.AIRFLOW:AO202204.OUT
RBG2,OPC.AIRFLOW:MATH1.RO01
RBG2,OPC.AIRFLOW_1:HLACFA1.PNT
RBG2,OPC.AIRFLOW_1:HLACFA2.PNT
RBG2,OPC.AIRFLOW_2:HLACFB1.PNT
RBG2,OPC.AIRFLOW_2:HLACFB2.PNT
RBG2,OPC.FUELMASTER:AINCOAL.PNT
RBG2,OPC.FURPRESS:AINFURPRE.PNT
RBG2,OPC.FURPRESS:AO202107.OUT
RBG2,OPC.FURPRESS:AO202207.OUT
RBG2,OPC.FWFLOW:CALCA3.RO01
RBG2,OPC.FWFLOW:FT200604C.PNT
RBG2,OPC.FWFLOW:FT200704C.PNT
RBG2,OPC.FWFLOW:FT200804C.PNT
RBG2,OPC.MILLAHCAD_2:CALCA2.RO01
RBG2,OPC.MILLAHCAD_2:CALCA3.RO01
RBG2,OPC.MILLBHCAD_2:CALCA2.RO01
RBG2,OPC.MILLBHCAD_2:CALCA3.RO01
RBG2,OPC.MILLCHCAD_2:CALCA2.RO01
RBG2,OPC.MILLCHCAD_2:CALCA3.RO01
RBG2,OPC.MILLDHCAD_2:CALCA2.RO01
RBG2,OPC.MILLDHCAD_2:CALCA3.RO01
RBG2,OPC.MILLEHCAD_2:CALCA2.RO01
RBG2,OPC.MILLEHCAD_2:CALCA3.RO01
RBG2,OPC.MSTFLOW:CALCA2.RO01
RBG2,OPC.OXYGEN:SIGSEL1.OUT
RBG2,OPC.PAFLOW:AO202105.OUT
RBG2,OPC.PAFLOW:AO202205.OUT
TAA1,AI1B022107_PNT
TAA1,AI1B022501_PNT
TAA1,AI1O013305_PNT
TAA1,AO1B024104_MA
TAA1,AO1B024404_MA
TAA1,CT1D012607_PNT
TAA1,CT1E046302_PNT
TAA1,DISP1ALLWIND_PNT
TAA1,DISP1STEAMFLOWB_PNT
TAA1,FT1A010105_PNT
TAA1,FT1A010205_PNT
TAA1,FT1A010305_PNT
TAA1,FT1A010405_PNT
TAA1,FT1A010601_PNT
TAA1,FT1A011204_PNT
TAA1,FT1A011206_PNT
TAA1,MFLOW1AIN1_PNT
TAA1,MFLOW1AIN10_PNT
TAA1,MFLOW1AIN11_PNT
TAA1,MFLOW1AIN12_PNT
TAA1,MFLOW1AIN2_PNT
TAA1,MFLOW1AIN3_PNT
TAA1,MFLOW1AIN4_PNT
TAA1,MFLOW1AIN5_PNT
TAA1,MFLOW1AIN6_PNT
TAA1,MFLOW1AIN7_PNT
TAA1,MFLOW1AIN8_PNT
TAA1,MFLOW1AIN9_PNT
TAA1,PT1A010403_PNT
TAA1,PT1A010404_PNT
TAA1,PT1A010505_PNT
TAA1,PT1A010506_PNT
TAA1,PT1B020701_PNT
TAA1,PT1B021101_PNT
TAA1,PT1B021201_PNT
TAA1,PT1B021306_PNT
TAA1,PT1B021607_PNT
TAA1,PT1C030407_PNT
TAA1,PT1C030506_PNT
TAA1,PT1C030606_PNT
TAA1,PT1C030706_PNT
TAA1,PT1C030805_PNT
TAA1,PT1C031101_PNT
TAA1,PT1I172201_PNT
TAA1,PT1I172202_PNT
TAA1,PT1I172301_PNT
TAA1,PT1J010501_PNT
TAA1,PT1J010601_PNT
TAA1,PT1J010704_PNT
TAA1,PT1J010805_PNT
TAA1,PT1J012501_PNT
TAA1,RT1A013602_PNT
TAA1,RT1B023401_PNT
TAA1,RT1B023402_PNT
TAA1,RT1B023403_PNT
TAA1,RT1B023404_PNT
TAA1,RT1B023405_PNT
TAA1,RT1B023406_PNT
TAA1,RT1B023502_PNT
TAA1,RT1B023503_PNT
TAA1,RT1B023504_PNT
TAA1,RT1B023505_PNT
TAA1,RT1B023506_PNT
TAA1,RT1B023507_PNT
TAA1,RT1B023602_PNT
TAA1,RT1B023603_PNT
TAA1,RT1B023604_PNT
TAA1,RT1B023605_PNT
TAA1,RT1B023606_PNT
TAA1,RT1B023607_PNT
TAA1,RT1F113301_PNT
TAA1,RT1F113401_PNT
TAA1,RT1F113501_PNT
TAA1,RT1F124301_PNT
TAA1,RT1F124401_PNT
TAA1,RT1F124501_PNT
TAA1,RT1G133301_PNT
TAA1,RT1G133401_PNT
TAA1,RT1G133501_PNT
TAA1,RT1G144301_PNT
TAA1,RT1G144401_PNT
TAA1,RT1G144501_PNT
TAA1,RT1H153301_PNT
TAA1,RT1H153401_PNT
TAA1,RT1H153501_PNT
TAA1,RT1H164301_PNT
TAA1,RT1H164401_PNT
TAA1,RT1H164501_PNT
TAA1,TC1A011506_PNT
TAA1,TC1A011507_PNT
TAA1,TC1A012204_PNT
TAA1,TC1A012205_PNT
TAA1,TC1A012305_PNT
TAA1,TC1B023103_PNT
TAA1,TC1B023104_PNT
TAA1,TC1B023105_PNT
TAA1,TC1B023203_PNT
TAA1,TC1B023204_PNT
TAA1,TC1B023205_PNT
TAA1,TC1B023301_PNT
TAA1,TC1B023302_PNT
TAA1,TC1B023303_PNT
TAA1,TC1B023304_PNT
TAA1,TC1B023305_PNT
TAA1,TC1B023306_PNT
TAA1,TC1M053102_PNT
TAA1,TC1M053202_PNT
TAA1,TC1M053205_PNT
TAA1,TC1M053206_PNT
TAA1,ZT1A010406_PNT
TAA1,ZT1A011302_PNT
TAA1,ZT1B020506_PNT
TAA1,ZT1B020706_PNT
TAA1,ZT1B021105_PNT
TAA1,ZT1B021206_PNT
TAA1,ZT1B021307_PNT
TAA1,ZT1B021406_PNT
TAA1,ZT1B021605_PNT
TAA1,ZT1B021606_PNT
TAA1,ZT1C030101_PNT
TAA1,ZT1C030401_PNT
TAA1,ZT1C030801_PNT
TAA1,ZT1C031401_PNT
TAA2,AI2B022107_PNT
TAA2,AI2B022501_PNT
TAA2,AI2O013305_PNT
TAA2,AO2B024104_MA
TAA2,AO2B024404_MA
TAA2,CT2D012607_PNT
TAA2,CT2E046302_PNT
TAA2,DISP2ALLWIND_PNT
TAA2,DISP2STEAMFLOWB_PNT
TAA2,FT2A010105_PNT
TAA2,FT2A010205_PNT
TAA2,FT2A010305_PNT
TAA2,FT2A010405_PNT
TAA2,FT2A010601_PNT
TAA2,FT2A011204_PNT
TAA2,FT2A011206_PNT
TAA2,MFLOW2AIN1_PNT
TAA2,MFLOW2AIN10_PNT
TAA2,MFLOW2AIN11_PNT
TAA2,MFLOW2AIN12_PNT
TAA2,MFLOW2AIN2_PNT
TAA2,MFLOW2AIN3_PNT
TAA2,MFLOW2AIN4_PNT
TAA2,MFLOW2AIN5_PNT
TAA2,MFLOW2AIN6_PNT
TAA2,MFLOW2AIN7_PNT
TAA2,MFLOW2AIN8_PNT
TAA2,MFLOW2AIN9_PNT
TAA2,PT2A010403_PNT
TAA2,PT2A010404_PNT
TAA2,PT2A010505_PNT
TAA2,PT2A010506_PNT
TAA2,PT2B020701_PNT
TAA2,PT2B021101_PNT
TAA2,PT2B021201_PNT
TAA2,PT2B021306_PNT
TAA2,PT2B021607_PNT
TAA2,PT2C030407_PNT
TAA2,PT2C030506_PNT
TAA2,PT2C030606_PNT
TAA2,PT2C030706_PNT
TAA2,PT2C030805_PNT
TAA2,PT2C031101_PNT
TAA2,PT2I172201_PNT
TAA2,PT2I172202_PNT
TAA2,PT2I172301_PNT
TAA2,PT2J010501_PNT
TAA2,PT2J010601_PNT
TAA2,PT2J010704_PNT
TAA2,PT2J010805_PNT
TAA2,PT2J012501_PNT
TAA2,RT2A013602_PNT
TAA2,RT2B023401_PNT
TAA2,RT2B023402_PNT
TAA2,RT2B023403_PNT
TAA2,RT2B023404_PNT
TAA2,RT2B023405_PNT
TAA2,RT2B023406_PNT
TAA2,RT2B023502_PNT
TAA2,RT2B023503_PNT
TAA2,RT2B023504_PNT
TAA2,RT2B023505_PNT
TAA2,RT2B023506_PNT
TAA2,RT2B023507_PNT
TAA2,RT2B023602_PNT
TAA2,RT2B023603_PNT
TAA2,RT2B023604_PNT
TAA2,RT2B023605_PNT
TAA2,RT2B023606_PNT
TAA2,RT2B023607_PNT
TAA2,RT2F113301_PNT
TAA2,RT2F113401_PNT
TAA2,RT2F113501_PNT
TAA2,RT2F124301_PNT
TAA2,RT2F124401_PNT
TAA2,RT2F124501_PNT
TAA2,RT2G133301_PNT
TAA2,RT2G133401_PNT
TAA2,RT2G133501_PNT
TAA2,RT2G144301_PNT
TAA2,RT2G144401_PNT
TAA2,RT2G144501_PNT
TAA2,RT2H153301_PNT
TAA2,RT2H153401_PNT
TAA2,RT2H153501_PNT
TAA2,RT2H164301_PNT
TAA2,RT2H164401_PNT
TAA2,RT2H164501_PNT
TAA2,TC2A011506_PNT
TAA2,TC2A011507_PNT
TAA2,TC2A012204_PNT
TAA2,TC2A012205_PNT
TAA2,TC2A012305_PNT
TAA2,TC2A012306_PNT
TAA2,TC2B023103_PNT
TAA2,TC2B023104_PNT
TAA2,TC2B023105_PNT
TAA2,TC2B023203_PNT
TAA2,TC2B023204_PNT
TAA2,TC2B023205_PNT
TAA2,TC2B023301_PNT
TAA2,TC2B023302_PNT
TAA2,TC2B023303_PNT
TAA2,TC2B023304_PNT
TAA2,TC2B023305_PNT
TAA2,TC2B023306_PNT
TAA2,TC2M053102_PNT
TAA2,TC2M053202_PNT
TAA2,TC2M053205_PNT
TAA2,TC2M053206_PNT
TAA2,ZT2A010406_PNT
TAA2,ZT2A011302_PNT
TAA2,ZT2B020506_PNT
TAA2,ZT2B020706_PNT
TAA2,ZT2B021105_PNT
TAA2,ZT2B021206_PNT
TAA2,ZT2B021307_PNT
TAA2,ZT2B021406_PNT
TAA2,ZT2B021605_PNT
TAA2,ZT2B021606_PNT
TAA2,ZT2C030101_PNT
TAA2,ZT2C030401_PNT
TAA2,ZT2C030801_PNT
TAA2,ZT2C031401_PNT
TENAYAN1,V4::DPU1001.HW.AI010205.PV
TENAYAN1,V4::DPU1001.HW.TC010404.PV
TENAYAN1,V4::DPU1001.SH0041.AALM004101.PV
TENAYAN1,V4::DPU1001.SH0042.AALM004201.PV
TENAYAN1,V4::DPU1001.SH0043.AALM004301.PV
TENAYAN1,V4::DPU1002.HW.AI010206.PV
TENAYAN1,V4::DPU1002.HW.AI020101.PV
TENAYAN1,V4::DPU1002.HW.AI020107.PV
TENAYAN1,V4::DPU1002.HW.AI030104.PV
TENAYAN1,V4::DPU1002.HW.RT010301.PV
TENAYAN1,V4::DPU1002.SH0041.AALM004101.PV
TENAYAN1,V4::DPU1002.SH0042.AALM004201.PV
TENAYAN1,V4::DPU1002.SH0043.AALM004301.PV
TENAYAN1,V4::DPU1003.HW.AI010203.PV
TENAYAN1,V4::DPU1003.HW.AI010205.PV
TENAYAN1,V4::DPU1003.HW.AI010206.PV
TENAYAN1,V4::DPU1003.HW.AI010306.PV
TENAYAN1,V4::DPU1003.HW.AI010307.PV
TENAYAN1,V4::DPU1003.HW.AI020401.PV
TENAYAN1,V4::DPU1003.HW.AI030301.PV
TENAYAN1,V4::DPU1003.HW.AI030302.PV
TENAYAN1,V4::DPU1003.HW.TC020601.PV
TENAYAN1,V4::DPU1003.HW.TC020602.PV
TENAYAN1,V4::DPU1003.HW.TC020603.PV
TENAYAN1,V4::DPU1003.HW.TC020604.PV
TENAYAN1,V4::DPU1003.HW.TC020605.PV
TENAYAN1,V4::DPU1003.HW.TC020606.PV
TENAYAN1,V4::DPU1003.SH0064.AALM006401.PV
TENAYAN1,V4::DPU1003.SH0064.AALM006402.PV
TENAYAN1,V4::DPU1003.SH0065.AALM006501.PV
TENAYAN1,V4::DPU1003.SH0065.AALM006502.PV
TENAYAN1,V4::DPU1003.SH0067.AALM006701.PV
TENAYAN1,V4::DPU1003.SH0067.AALM006702.PV
TENAYAN1,V4::DPU1004.HW.AI010203.PV
TENAYAN1,V4::DPU1004.HW.AI010205.PV
TENAYAN1,V4::DPU1004.HW.AI010206.PV
TENAYAN1,V4::DPU1004.HW.AI010306.PV
TENAYAN1,V4::DPU1004.HW.AI010307.PV
TENAYAN1,V4::DPU1004.HW.AI020401.PV
TENAYAN1,V4::DPU1004.HW.AI030301.PV
TENAYAN1,V4::DPU1004.HW.AI030302.PV
TENAYAN1,V4::DPU1004.HW.TC020601.PV
TENAYAN1,V4::DPU1004.HW.TC020602.PV
TENAYAN1,V4::DPU1004.HW.TC020603.PV
TENAYAN1,V4::DPU1004.HW.TC020604.PV
TENAYAN1,V4::DPU1004.HW.TC020605.PV
TENAYAN1,V4::DPU1004.HW.TC020606.PV
TENAYAN1,V4::DPU1004.SH0064.AALM006401.PV
TENAYAN1,V4::DPU1004.SH0064.AALM006402.PV
TENAYAN1,V4::DPU1004.SH0065.AALM006501.PV
TENAYAN1,V4::DPU1004.SH0065.AALM006502.PV
TENAYAN1,V4::DPU1005.HW.AI020301.PV
TENAYAN1,V4::DPU1005.HW.AI020302.PV
TENAYAN1,V4::DPU1006.HW.AI030101.PV
TENAYAN1,V4::DPU1006.HW.AI030102.PV
TENAYAN1,V4::DPU1008.SH0055.AALM1.PV
TENAYAN1,V4::DPU1012.HW.AI010203.PV
TENAYAN2,V4::DPU1015.HW.AI010205.PV
TENAYAN2,V4::DPU1015.HW.TC010404.PV
TENAYAN2,V4::DPU1015.SH0041.AALM004101.PV
TENAYAN2,V4::DPU1015.SH0042.AALM004201.PV
TENAYAN2,V4::DPU1015.SH0043.AALM004301.PV
TENAYAN2,V4::DPU1016.HW.AI010206.PV
TENAYAN2,V4::DPU1016.HW.AI020101.PV
TENAYAN2,V4::DPU1016.HW.AI020107.PV
TENAYAN2,V4::DPU1016.HW.AI030104.PV
TENAYAN2,V4::DPU1016.HW.RT010301.PV
TENAYAN2,V4::DPU1016.SH0041.AALM004102.PV
TENAYAN2,V4::DPU1016.SH0042.AALM004201.PV
TENAYAN2,V4::DPU1016.SH0043.AALM004301.PV
TENAYAN2,V4::DPU1017.HW.AI010203.PV
TENAYAN2,V4::DPU1017.HW.AI010205.PV
TENAYAN2,V4::DPU1017.HW.AI010206.PV
TENAYAN2,V4::DPU1017.HW.AI010306.PV
TENAYAN2,V4::DPU1017.HW.AI010307.PV
TENAYAN2,V4::DPU1017.HW.AI020401.PV
TENAYAN2,V4::DPU1017.HW.AI030301.PV
TENAYAN2,V4::DPU1017.HW.AI030302.PV
TENAYAN2,V4::DPU1017.HW.TC020601.PV
TENAYAN2,V4::DPU1017.HW.TC020602.PV
TENAYAN2,V4::DPU1017.HW.TC020603.PV
TENAYAN2,V4::DPU1017.HW.TC020604.PV
TENAYAN2,V4::DPU1017.HW.TC020605.PV
TENAYAN2,V4::DPU1017.HW.TC020606.PV
TENAYAN2,V4::DPU1017.SH0064.AALM006401.PV
TENAYAN2,V4::DPU1017.SH0064.AALM006402.PV
TENAYAN2,V4::DPU1017.SH0065.AALM006501.PV
TENAYAN2,V4::DPU1017.SH0065.AALM006502.PV
TENAYAN2,V4::DPU1017.SH0067.AALM1.PV
TENAYAN2,V4::DPU1017.SH0068.AALM006804.PV
TENAYAN2,V4::DPU1018.HW.AI010203.PV
TENAYAN2,V4::DPU1018.HW.AI010205.PV
TENAYAN2,V4::DPU1018.HW.AI010206.PV
TENAYAN2,V4::DPU1018.HW.AI010306.PV
TENAYAN2,V4::DPU1018.HW.AI010307.PV
TENAYAN2,V4::DPU1018.HW.AI020401.PV
TENAYAN2,V4::DPU1018.HW.AI030301.PV
TENAYAN2,V4::DPU1018.HW.AI030302.PV
TENAYAN2,V4::DPU1018.HW.TC020601.PV
TENAYAN2,V4::DPU1018.HW.TC020602.PV
TENAYAN2,V4::DPU1018.HW.TC020603.PV
TENAYAN2,V4::DPU1018.HW.TC020604.PV
TENAYAN2,V4::DPU1018.HW.TC020605.PV
TENAYAN2,V4::DPU1018.HW.TC020606.PV
TENAYAN2,V4::DPU1018.SH0064.AALM006401.PV
TENAYAN2,V4::DPU1018.SH0064.AALM006402.PV
TENAYAN2,V4::DPU1018.SH0065.AALM006501.PV
TENAYAN2,V4::DPU1018.SH0065.AALM006502.PV
TENAYAN2,V4::DPU1019.HW.AI020301.PV
TENAYAN2,V4::DPU1019.HW.AI020302.PV
TENAYAN2,V4::DPU1020.HW.AI030101.PV
TENAYAN2,V4::DPU1020.HW.AI030102.PV
TENAYAN2,V4::DPU1022.SH0055.AALM1.PV
TENAYAN2,V4::DPU1026.HW.AI010203.PV
BLK1,A1FT107_A
BLK1,A1FT107_B
BLK1,A1AT102
BLK1,A1G_Power
BLK1,A1PdT134A
BLK1,A1PdT134B
BLK1,A1M105A_A1
BLK1,A1M105B_A1
BLK1,A1M105C_A1
BLK1,A1FT104_A
BLK1,A1FT104B
BLK1,A1PT119A
BLK1,A1PT119B
BLK1,A1PdT135A
BLK1,A1PdT135B
BLK1,A1TE115A
BLK1,A1TE115B
BLK1,A1TE115C
BLK1,A1TE115D
BLK1,A1TE118A
BLK1,A1TE118B
BLK1,A1FT103A_1
BLK1,A1FT103B_1
BLK1,Efficiency
BLK2,A2FT107_A
BLK2,A2FT107_B
BLK2,A2AT102
BLK2,A2G_Power
BLK2,A2PdT134A
BLK2,A2PdT134B
BLK2,A2M105A_A1
BLK2,A2M105B_A1
BLK2,A2M105C_A1
BLK2,A2FT104_A
BLK2,A2FT104B
BLK2,A2PT119A
BLK2,A2PT119B
BLK2,A2PdT135A
BLK2,A2PdT135B
BLK2,A2TE115A
BLK2,A2TE115B
BLK2,A2TE115C
BLK2,A2TE115D
BLK2,A2TE118A
BLK2,A2TE118B
BLK2,B1FT103A_1
BLK2,B1FT103B_1
BLK2,Efficiency